Domain,Status,Attractiveness,Demand,Length,Sectors,Created,Expires,Registrar
brief.cyou,available,124,19%,5,"Business,Education,General,Law",,,
second.cyou,available,120,23%,6,"General,Mathematics",,,
complete.cyou,available,120,21%,8,"Manufacturing,Retail,Technology",,,
wizard.cyou,available,118,42%,6,"Entertainment,Media,Technology",,,
tenth.cyou,available,116,7%,5,Mathematics,,,
equal.cyou,available,116,19%,5,"Education,General,Law",,,
flat.cyou,available,116,23%,4,"Construction,Real Estate",,,
tonic.cyou,available,114,22%,5,"Health and Fitness,Medicine,Science",,,
above.cyou,available,112,22%,5,Business,,,
acute.cyou,available,112,9%,5,"Mathematics,Medicine,Science",,,
hotshot.cyou,available,112,14%,7,"Business,Entertainment,Sports",,,
abstract.cyou,available,108,29%,8,"Arts,Humanities,Science",,,
abiding.cyou,available,106,5%,7,"General,Religion",,,
expert.cyou,available,104,26%,6,"Business,Education,Technology",,,
active.cyou,available,104,27%,6,"Health and Fitness,Sports,Travel",,,
teen.cyou,available,104,14%,4,"Education,Entertainment,Healthcare",,,
extra.cyou,available,102,26%,5,"Fashion,Retail,Technology",,,
absent.cyou,available,102,8%,6,"Business,Education,Technology",,,
eight.cyou,available,102,23%,5,"General,Mathematics",,,
sixth.cyou,available,100,8%,5,Mathematics,,,
whiz.cyou,available,100,12%,4,"Business,Education,Technology",,,
abrupt.cyou,available,100,3%,6,"Medicine,Science",,,
remove.cyou,available,100,13%,6,"Construction,Manufacturing,Technology",,,
eighth.cyou,available,100,6%,6,Mathematics,,,
adjunct.cyou,available,100,5%,7,Education,,,
third.cyou,available,100,15%,5,Mathematics,,,
ninth.cyou,available,100,9%,5,Mathematics,,,
whizz.cyou,available,98,11%,5,"Business,Education,Technology",,,
genius.cyou,available,98,46%,6,"Arts,Education,Technology",,,
forgiving.cyou,available,96,3%,9,"Healthcare,Religion",,,
doable.cyou,available,96,9%,6,"Business,Education,Technology",,,
actual.cyou,available,96,22%,6,"Real Estate,Retail,Technology",,,
alamode.cyou,available,96,12%,9,Fashion,,,
academic.cyou,available,96,20%,8,"Education,Humanities,Science",,,
about.cyou,available,94,28%,5,"Business,General,Media,Technology",,,
abject.cyou,available,94,7%,6,Humanities,,,
virtuoso.cyou,available,94,16%,8,"Arts,Entertainment",,,
around.cyou,available,94,22%,6,"Business,General,Media,Technology",,,
adequate.cyou,available,94,9%,8,"Education,Healthcare,Technology",,,
neutral.cyou,available,92,20%,7,"Business,Media,Politics",,,
next.cyou,available,92,43%,4,"Retail,Technology,Transportation",,,
abroad.cyou,available,92,12%,6,"Hospitality,Travel",,,
adept.cyou,available,92,24%,5,"Education,Health and Fitness,Sports",,,
nought.cyou,available,92,4%,6,Mathematics,,,
exemplary.cyou,available,92,5%,9,"Business,Education,Healthcare",,,
adjective.cyou,available,92,5%,9,Education,,,
derelict.cyou,available,92,7%,8,"Construction,Real Estate",,,
twentieth.cyou,available,92,3%,9,Mathematics,,,
riveting.cyou,available,90,6%,8,"Entertainment,Media,Technology",,,
leash.cyou,available,90,7%,5,"General,Health and Fitness,Retail",,,
clear.cyou,available,90,47%,5,"Manufacturing,Retail,Technology",,,
gripping.cyou,available,90,3%,8,"Entertainment,Media,Technology",,,
additional.cyou,available,90,8%,10,"Fashion,Retail,Technology",,,
adoring.cyou,available,90,2%,7,"Entertainment,Fashion,Retail",,,
abortive.cyou,available,90,1%,8,"Medicine,Science",,,
endearing.cyou,available,90,1%,9,"Entertainment,Fashion,Retail",,,
addictive.cyou,available,90,9%,9,Healthcare,,,
activist.cyou,available,88,12%,8,"Humanities,Politics",,,
three.cyou,available,88,23%,5,Mathematics,,,
wide.cyou,available,88,18%,4,"Business,Media,Technology",,,
actionable.cyou,available,88,13%,10,"Business,Law",,,
proficient.cyou,available,88,8%,10,"Education,Health and Fitness,Sports",,,
fifteen.cyou,available,88,13%,7,Mathematics,,,
sixteen.cyou,available,88,10%,7,Mathematics,,,
adlib.cyou,available,88,7%,6,Entertainment,,,
ten.cyou,available,88,27%,3,"General,Mathematics",,,
hundred.cyou,available,88,13%,7,Mathematics,,,
twelve.cyou,available,88,18%,6,"General,Mathematics",,,
xiv.cyou,available,86,12%,3,Mathematics,,,
attendant.cyou,available,86,5%,9,"Healthcare,Hospitality,Transportation",,,
recondite.cyou,available,86,4%,9,"Arts,Humanities,Science",,,
star.cyou,available,86,40%,4,"Entertainment,Media,Sports",,,
cipher.cyou,available,86,29%,6,Mathematics,,,
extempore.cyou,available,86,3%,9,Entertainment,,,
engrossing.cyou,available,86,0%,10,"Entertainment,Media,Technology",,,
aboriginal.cyou,available,86,10%,10,Humanities,,,
adolescent.cyou,available,86,3%,10,"Education,Entertainment,Healthcare",,,
xix.cyou,available,86,10%,3,Mathematics,,,
adjustable.cyou,available,84,3%,10,"Manufacturing,Retail,Technology",,,
twentytwo.cyou,available,84,10%,10,Mathematics,,,
deviate.cyou,available,84,12%,7,"Medicine,Science",,,
seventeen.cyou,available,84,7%,9,Mathematics,,,
thousand.cyou,available,84,8%,8,Mathematics,,,
thirteen.cyou,available,84,10%,8,Mathematics,,,
sharp.cyou,available,84,34%,5,"Arts,Fashion",,,
grand.cyou,available,84,25%,5,"Finance,General",,,
acting.cyou,available,84,12%,6,Entertainment,,,
accessory.cyou,available,84,8%,9,"Fashion,Retail,Technology",,,
fourteen.cyou,available,84,8%,8,Mathematics,,,
nineteen.cyou,available,84,8%,8,Mathematics,,,
abkhaz.cyou,available,82,1%,6,Geography,,,
absorbent.cyou,available,82,3%,9,"Healthcare,Manufacturing,Retail",,,
abenaki.cyou,available,82,2%,7,Geography,,,
fivesome.cyou,available,82,1%,8,Sports,,,
abroach.cyou,available,82,1%,7,Food and Beverage,,,
altered.cyou,available,82,9%,7,"Medicine,Science",,,
impromptu.cyou,available,82,16%,9,Entertainment,,,
decade.cyou,available,82,10%,6,Mathematics,,,
cleansing.cyou,available,82,3%,9,Health and Fitness,,,
abdominal.cyou,available,82,1%,9,"Health and Fitness,Medicine",,,
good.cyou,available,82,47%,4,"Food and Beverage,General,Health and Fitness,Retail",,,
worshipful.cyou,available,80,1%,10,"Education,Healthcare,Religion",,,
some.cyou,available,80,32%,4,"Business,Media,Retail",,,
absorbable.cyou,available,80,0%,10,"Healthcare,Pharmaceuticals,Science",,,
dorsal.cyou,available,80,6%,6,"Medicine,Science",,,
first.cyou,available,80,34%,5,"General,Mathematics",,,
yard.cyou,available,80,25%,4,"Construction,General",,,
sequent.cyou,available,80,7%,7,"Healthcare,Insurance,Transportation",,,
two.cyou,available,80,23%,3,Mathematics,,,
twenty.cyou,available,80,12%,6,Mathematics,,,
adoptable.cyou,available,80,3%,9,"Education,Healthcare",,,
forty.cyou,available,80,9%,5,Mathematics,,,
seventh.cyou,available,80,10%,7,Mathematics,,,
trio.cyou,available,80,21%,4,Entertainment,,,
abundant.cyou,available,80,19%,8,"Agriculture,Manufacturing,Retail",,,
nine.cyou,available,80,24%,4,"General,Mathematics",,,
wiz.cyou,available,80,30%,3,"Business,Education,Technology",,,
superstar.cyou,available,80,18%,9,Entertainment,,,
capable.cyou,available,80,12%,7,"Business,Education,Technology",,,
able.cyou,available,80,29%,4,"Business,Education,General,Technology",,,
accepted.cyou,available,78,6%,8,"Business,Education,Technology",,,
adrenal.cyou,available,78,4%,7,"Education,Healthcare,Science",,,
accurate.cyou,available,78,16%,8,"Engineering,Mathematics,Science",,,
athletic.cyou,available,78,15%,8,"Health and Fitness,Sports",,,
abkhazian.cyou,available,78,1%,9,Geography,,,
recognised.cyou,available,78,3%,10,"Business,Education,Technology",,,
adjacent.cyou,available,78,9%,8,"Construction,Real Estate,Retail",,,
abounding.cyou,available,78,2%,9,Agriculture,,,
absorptive.cyou,available,78,1%,10,"Healthcare,Manufacturing,Retail",,,
dormant.cyou,available,78,4%,7,"Medicine,Science",,,
adorable.cyou,available,78,8%,8,"Entertainment,Fashion,Retail",,,
acceptable.cyou,available,78,5%,10,"Business,Hospitality,Retail",,,
acceptant.cyou,available,78,1%,9,"Education,Healthcare",,,
twentysix.cyou,available,78,8%,10,Mathematics,,,
recognized.cyou,available,78,3%,10,"Business,Education,Technology",,,
low.cyou,available,78,20%,3,"Business,Finance",,,
sixtynine.cyou,available,78,8%,10,Mathematics,,,
accidental.cyou,available,78,11%,10,"Healthcare,Insurance,Transportation",,,
abkhasian.cyou,available,78,1%,9,Geography,,,
resultant.cyou,available,76,2%,9,"Healthcare,Insurance,Transportation",,,
adipose.cyou,available,76,2%,7,"Healthcare,Science",,,
acoustic.cyou,available,76,14%,8,Science,,,
auxiliary.cyou,available,76,7%,9,"Healthcare,Manufacturing,Technology",,,
thirteenth.cyou,available,76,3%,10,Mathematics,,,
eighteen.cyou,available,76,7%,8,Mathematics,,,
thousandth.cyou,available,76,1%,10,Mathematics,,,
adhesive.cyou,available,76,7%,8,"Construction,Manufacturing,Technology",,,
adaptable.cyou,available,76,9%,9,"Business,Education,Technology",,,
ague.cyou,available,76,2%,4,"Geography,Medicine,Science",,,
hundredth.cyou,available,76,1%,9,Mathematics,,,
fourteenth.cyou,available,76,2%,10,Mathematics,,,
adherent.cyou,available,76,4%,8,"Politics,Religion",,,
diamond.cyou,available,76,32%,7,Fashion,,,
adaptive.cyou,available,76,28%,8,"Business,Education,Technology",,,
threed.cyou,available,76,7%,7,Technology,,,
abrasive.cyou,available,76,6%,8,"Construction,Manufacturing",,,
ancillary.cyou,available,76,6%,9,"Healthcare,Manufacturing,Technology",,,
nineteenth.cyou,available,76,3%,10,Mathematics,,,
energizing.cyou,available,76,3%,10,"Food and Beverage,Health and Fitness,Travel",,,
ventral.cyou,available,76,3%,7,Science,,,
obscene.cyou,available,76,5%,7,"Entertainment,Media",,,
incidental.cyou,available,76,4%,10,"Healthcare,Insurance,Transportation",,,
fifteenth.cyou,available,76,2%,9,Mathematics,,,
firstrate.cyou,available,76,6%,10,Business,,,
improvise.cyou,available,76,4%,9,Entertainment,,,
addable.cyou,available,76,2%,7,"Engineering,Mathematics,Science",,,
mavin.cyou,available,74,7%,5,"Entertainment,Fashion,Technology",,,
skilful.cyou,available,74,3%,7,"Education,Health and Fitness,Sports",,,
cleared.cyou,available,74,7%,7,"Healthcare,Law,Transportation",,,
achievable.cyou,available,74,4%,10,"Business,Education,Technology",,,
activated.cyou,available,74,9%,9,"Healthcare,Manufacturing,Technology",,,
manageable.cyou,available,74,4%,10,"Business,Education,Technology",,,
playing.cyou,available,74,12%,7,Entertainment,,,
adenoid.cyou,available,74,1%,7,"Health and Fitness,Medicine,Science",,,
adrenergic.cyou,available,74,1%,10,"Education,Healthcare,Science",,,
realizable.cyou,available,74,1%,10,"Business,Education,Technology",,,
adamant.cyou,available,74,14%,7,Religion,,,
admirable.cyou,available,74,5%,9,"Business,Education,Healthcare",,,
aberrant.cyou,available,74,6%,8,"Medicine,Science",,,
accepting.cyou,available,74,3%,9,"Education,Healthcare",,,
sensation.cyou,available,74,7%,9,"Entertainment,Media,Sports",,,
acuate.cyou,available,74,2%,6,"Engineering,Medicine,Science",,,
adapted.cyou,available,74,6%,7,"Healthcare,Manufacturing,Technology",,,
single.cyou,available,74,19%,6,Sports,,,
seventieth.cyou,available,72,1%,10,Mathematics,,,
addicted.cyou,available,72,9%,8,Healthcare,,,
absorbed.cyou,available,72,2%,8,"Entertainment,Media,Technology",,,
sixtieth.cyou,available,72,1%,8,Mathematics,,,
absolutist.cyou,available,72,1%,10,"Humanities,Law,Politics",,,
adonic.cyou,available,72,2%,6,"Arts,Education,Entertainment",,,
adiabatic.cyou,available,72,3%,9,"Engineering,Science",,,
trey.cyou,available,72,13%,4,Sports,,,
liv.cyou,available,72,28%,3,Mathematics,,,
ninetieth.cyou,available,72,1%,9,Mathematics,,,
eightieth.cyou,available,72,1%,9,Mathematics,,,
accustomed.cyou,available,72,1%,10,"Business,Education,Humanities",,,
adaptative.cyou,available,72,1%,10,"Business,Education,Technology",,,
champion.cyou,available,72,28%,8,"Entertainment,Health and Fitness,Sports",,,
ablaze.cyou,available,72,6%,6,Entertainment,,,
accusative.cyou,available,72,0%,10,"Humanities,Law",,,
adjectival.cyou,available,72,1%,10,Education,,,
existent.cyou,available,72,3%,8,"Mathematics,Science",,,
lovely.cyou,available,72,26%,6,"Entertainment,Fashion,Retail",,,
improvize.cyou,available,72,1%,9,Entertainment,,,
engrossed.cyou,available,72,1%,9,"Entertainment,Media,Technology",,,
adjunctive.cyou,available,72,1%,10,"Healthcare,Manufacturing,Technology",,,
trinity.cyou,available,72,18%,7,Religion,,,
ternary.cyou,available,72,7%,7,Mathematics,,,
abloom.cyou,available,72,5%,6,Agriculture,,,
abreast.cyou,available,72,2%,7,"Business,Technology",,,
deep.cyou,available,72,41%,4,"Engineering,Mathematics,Science",,,
lowdown.cyou,available,70,6%,8,"Entertainment,Media",,,
gymnastic.cyou,available,70,3%,9,"Entertainment,Sports",,,
adored.cyou,available,70,6%,6,"Entertainment,Fashion,Retail",,,
adjusted.cyou,available,70,5%,8,"Manufacturing,Retail,Technology",,,
accumbent.cyou,available,70,1%,9,"Healthcare,Medicine,Science",,,
miserable.cyou,available,70,4%,9,Humanities,,,
admired.cyou,available,70,5%,7,"Business,Education,Healthcare",,,
tiptop.cyou,available,70,24%,6,Fashion,,,
skillful.cyou,available,70,9%,8,"Education,Health and Fitness,Sports",,,
consequent.cyou,available,70,3%,10,"Business,Education,General,Technology",,,
recumbent.cyou,available,70,2%,9,"Healthcare,Medicine,Science",,,
offhand.cyou,available,70,2%,7,Entertainment,,,
abradant.cyou,available,70,1%,8,"Construction,Manufacturing",,,
unity.cyou,available,70,38%,5,Mathematics,,,
abulic.cyou,available,70,1%,6,Medicine,,,
adamantine.cyou,available,70,4%,10,Religion,,,
acuminate.cyou,available,70,1%,9,"Engineering,Medicine,Science",,,
practiced.cyou,available,70,3%,9,"Education,Health and Fitness,Sports",,,
absorbing.cyou,available,70,3%,9,"Entertainment,Media,Technology",,,
stillborn.cyou,available,70,2%,9,"Medicine,Science",,,
aberdonian.cyou,available,68,1%,10,Geography,,,
threesome.cyou,available,68,5%,9,Entertainment,,,
abkhas.cyou,available,68,0%,6,Geography,,,
fortieth.cyou,available,68,1%,8,Mathematics,,,
licensed.cyou,available,68,5%,8,"Business,Healthcare,Insurance",,,
foursome.cyou,available,68,4%,8,Sports,,,
vindicated.cyou,available,68,2%,10,"Humanities,Law,Politics",,,
thirtieth.cyou,available,68,1%,9,Mathematics,,,
licenced.cyou,available,68,2%,8,"Business,Healthcare,Insurance",,,
activating.cyou,available,68,3%,10,"Healthcare,Manufacturing,Technology",,,
ennead.cyou,available,68,5%,6,Mathematics,,,
sevener.cyou,available,68,1%,7,Mathematics,,,
octonary.cyou,available,68,1%,8,Mathematics,,,
ablative.cyou,available,68,3%,8,Science,,,
scurvy.cyou,available,68,3%,6,Humanities,,,
aroused.cyou,available,68,3%,7,"Entertainment,Health and Fitness",,,
fiftieth.cyou,available,68,1%,8,Mathematics,,,
ane.cyou,available,68,12%,3,Mathematics,,,
achaian.cyou,available,68,2%,7,Humanities,,,
decorated.cyou,available,68,3%,9,"Entertainment,Fashion,Retail",,,
achaean.cyou,available,68,2%,7,Humanities,,,
abnaki.cyou,available,68,1%,6,Geography,,,
stygian.cyou,available,68,5%,7,Humanities,,,
abducent.cyou,available,68,0%,8,Medicine,,,
acerate.cyou,available,68,1%,7,Science,,,
aculeate.cyou,available,68,1%,8,"Engineering,Medicine,Science",,,
accredited.cyou,available,68,9%,10,"Business,Education,Healthcare",,,
overseas.cyou,available,68,12%,8,"Hospitality,Travel",,,
septenary.cyou,available,68,2%,9,Mathematics,,,
xviii.cyou,available,66,4%,5,Mathematics,,,
acrobatic.cyou,available,66,4%,9,"Entertainment,Sports",,,
sextet.cyou,available,66,2%,6,Entertainment,,,
adorned.cyou,available,66,5%,7,"Entertainment,Fashion,Retail",,,
ninety.cyou,available,66,11%,6,Mathematics,,,
four.cyou,available,66,27%,4,Mathematics,,,
xvii.cyou,available,66,5%,4,Mathematics,,,
modish.cyou,available,66,5%,6,Fashion,,,
buzzing.cyou,available,66,7%,7,"Entertainment,Media,Technology",,,
xvi.cyou,available,66,4%,3,Mathematics,,,
exonerated.cyou,available,66,2%,10,"Humanities,Law,Politics",,,
five.cyou,available,66,26%,4,Mathematics,,,
accessary.cyou,available,66,1%,9,"Business,Law,Technology",,,
deuce.cyou,available,66,8%,5,Sports,,,
tenner.cyou,available,66,4%,6,Finance,,,
xxv.cyou,available,66,6%,3,Mathematics,,,
onec.cyou,available,66,6%,5,Mathematics,,,
maven.cyou,available,66,30%,5,"Entertainment,Fashion,Technology",,,
latest.cyou,available,66,18%,6,Technology,,,
acervate.cyou,available,66,1%,8,Science,,,
acappella.cyou,available,66,6%,10,Entertainment,,,
xxi.cyou,available,66,10%,3,Mathematics,,,
xxii.cyou,available,66,6%,4,Mathematics,,,
according.cyou,available,66,3%,9,"Business,Education,Technology",,,
xiii.cyou,available,66,9%,4,Mathematics,,,
clv.cyou,available,66,10%,3,Mathematics,,,
performing.cyou,available,66,6%,10,Entertainment,,,
abstinent.cyou,available,66,1%,9,"Health and Fitness,Religion",,,
teenager.cyou,available,66,4%,8,"Education,Entertainment,Healthcare",,,
thirty.cyou,available,66,7%,6,Mathematics,,,
xxvi.cyou,available,66,3%,4,Mathematics,,,
eighty.cyou,available,66,6%,6,Mathematics,,,
century.cyou,available,66,17%,7,Education,,,
xii.cyou,available,66,10%,3,Mathematics,,,
adopted.cyou,available,66,4%,7,"Education,Healthcare",,,
adagio.cyou,available,64,14%,6,Entertainment,,,
acentric.cyou,available,64,2%,8,Science,,,
nondrinker.cyou,available,64,1%,10,"Health and Fitness,Religion",,,
astringent.cyou,available,64,1%,10,"Healthcare,Pharmaceuticals",,,
deviant.cyou,available,64,12%,7,"Medicine,Science",,,
accordant.cyou,available,64,3%,9,"Arts,Entertainment",,,
ccc.cyou,available,64,38%,3,Mathematics,,,
scatty.cyou,available,64,1%,6,"Arts,Entertainment,Media",,,
absolved.cyou,available,64,1%,8,"Humanities,Law,Religion",,,
aborigine.cyou,available,62,1%,9,Humanities,,,
activistic.cyou,available,62,1%,10,"Humanities,Politics",,,
adjuvant.cyou,available,62,5%,8,"Healthcare,Manufacturing,Technology",,,
twodozen.cyou,available,62,1%,9,Mathematics,,,
nail.cyou,available,62,16%,4,"Construction,Fashion,General,Retail",,,
adoptive.cyou,available,62,1%,8,"Education,Healthcare",,,
eighteenth.cyou,available,62,1%,10,Mathematics,,,
eleventh.cyou,available,62,5%,8,Mathematics,,,
ensuant.cyou,available,62,1%,7,"Healthcare,Insurance,Transportation",,,
quartet.cyou,available,62,7%,7,"Arts,Entertainment",,,
abo.cyou,available,62,15%,3,Science,,,
orso.cyou,available,62,9%,5,"Business,Media,Technology",,,
roughly.cyou,available,62,3%,7,"Business,Media,Technology",,,
troika.cyou,available,62,8%,6,Politics,,,
accusing.cyou,available,62,1%,8,Law,,,
exculpated.cyou,available,62,1%,10,"Humanities,Law,Politics",,,
accrued.cyou,available,62,2%,7,"Banking,Finance,Insurance",,,
activation.cyou,available,62,16%,10,"Healthcare,Manufacturing,Technology",,,
wrapped.cyou,available,62,13%,7,"Fashion,Hospitality,Retail",,,
pungent.cyou,available,62,1%,7,Food and Beverage,,,
sixteenth.cyou,available,62,1%,9,Mathematics,,,
admissible.cyou,available,62,1%,10,"Education,Healthcare,Law",,,
playacting.cyou,available,62,1%,10,Entertainment,,,
acidic.cyou,available,62,5%,6,"Food and Beverage,Science",,,
fortyfour.cyou,available,62,6%,10,Mathematics,,,
chiliad.cyou,available,62,2%,7,Mathematics,,,
aufait.cyou,available,62,3%,7,"Fashion,Media",,,
cumulative.cyou,available,62,2%,10,"Banking,Finance,Insurance",,,
longdozen.cyou,available,62,1%,10,Mathematics,,,
clxxv.cyou,available,60,1%,5,Mathematics,,,
xcl.cyou,available,60,5%,3,Mathematics,,,
cxlv.cyou,available,60,2%,4,Mathematics,,,
acceptive.cyou,available,60,1%,9,"Education,Healthcare",,,
abstemious.cyou,available,60,0%,10,"Food and Beverage,Health and Fitness,Hospitality",,,
abashed.cyou,available,60,1%,7,Humanities,,,
cxx.cyou,available,60,9%,3,Mathematics,,,
cxxv.cyou,available,60,1%,4,Mathematics,,,
cautionary.cyou,available,60,1%,10,"Business,Education,Healthcare",,,
abstainer.cyou,available,60,0%,9,"Health and Fitness,Religion",,,
clxv.cyou,available,60,1%,4,Mathematics,,,
adnate.cyou,available,60,1%,6,"Agriculture,Manufacturing,Retail",,,
aboveboard.cyou,available,60,5%,10,"Business,Law",,,
cxl.cyou,available,60,7%,3,Mathematics,,,
cxxxv.cyou,available,60,1%,5,Mathematics,,,
eightysix.cyou,available,60,7%,10,Mathematics,,,
clx.cyou,available,60,8%,3,Mathematics,,,
clxxx.cyou,available,60,1%,5,Mathematics,,,
tertiary.cyou,available,60,4%,8,Education,,,
octet.cyou,available,60,12%,5,Arts,,,
idolized.cyou,available,60,3%,8,"Entertainment,Fashion,Retail",,,
cxv.cyou,available,60,4%,3,Mathematics,,,
annexal.cyou,available,60,1%,7,"Agriculture,Manufacturing,Retail",,,
sixty.cyou,available,60,13%,5,Mathematics,,,
thou.cyou,available,60,7%,4,Mathematics,,,
idolised.cyou,available,60,1%,8,"Entertainment,Fashion,Retail",,,
paunchy.cyou,available,60,0%,7,"Health and Fitness,Medicine",,,
cxxx.cyou,available,60,3%,4,Mathematics,,,
adnexal.cyou,available,60,1%,7,"Agriculture,Manufacturing,Retail",,,
clxx.cyou,available,60,2%,4,Mathematics,,,
tercet.cyou,available,59,2%,6,"Arts,Entertainment,Media",,,
fourscore.cyou,available,58,4%,9,Mathematics,,,
adjustive.cyou,available,58,1%,9,"Manufacturing,Retail,Technology",,,
lxxviii.cyou,available,58,1%,7,Mathematics,,,
lxxx.cyou,available,58,2%,4,Mathematics,,,
abridged.cyou,available,58,4%,8,Media,,,
sixtyone.cyou,available,58,5%,9,Mathematics,,,
acyclic.cyou,available,58,4%,7,"Engineering,Mathematics,Science",,,
acetic.cyou,available,58,1%,6,"Food and Beverage,Science",,,
sextuplet.cyou,available,58,1%,9,Healthcare,,,
enwrapped.cyou,available,58,0%,9,"Entertainment,Fashion,Media",,,
linear.cyou,available,58,22%,6,"Engineering,Mathematics,Science",,,
accoutred.cyou,available,58,1%,9,"Fashion,Manufacturing,Retail",,,
ache.cyou,available,58,7%,4,Healthcare,,,
justabout.cyou,available,58,3%,10,"Business,Media,Technology",,,
abused.cyou,available,58,5%,6,"Healthcare,Law",,,
seventy.cyou,available,58,7%,7,Mathematics,,,
niner.cyou,available,58,5%,5,Mathematics,,,
sixer.cyou,available,58,5%,5,Sports,,,
alacarte.cyou,available,58,11%,10,Food and Beverage,,,
super.cyou,expiring,58,47%,5,Business,17/08/2024 10:22,17/08/2025 23:59,Dynadot LLC
addible.cyou,available,58,2%,7,"Engineering,Mathematics,Science",,,
accented.cyou,available,58,3%,8,"Arts,Entertainment",,,
fourth.cyou,available,58,13%,6,Mathematics,,,
quintet.cyou,available,58,8%,7,"Arts,Entertainment",,,
hexad.cyou,available,58,5%,5,Mathematics,,,
centesimal.cyou,available,58,1%,10,Mathematics,,,
heptad.cyou,available,58,2%,6,Mathematics,,,
abuzz.cyou,available,58,5%,5,"Entertainment,Media,Technology",,,
accretive.cyou,available,58,6%,9,"Banking,Finance,Insurance",,,
seven.cyou,available,58,35%,5,Mathematics,,,
addressed.cyou,available,58,3%,9,"Business,Technology,Telecommunications",,,
fifth.cyou,available,58,12%,5,Mathematics,,,
eighter.cyou,available,58,2%,7,Mathematics,,,
adient.cyou,available,58,4%,6,"Medicine,Science",,,
offhanded.cyou,available,58,1%,9,Entertainment,,,
adhoc.cyou,available,58,24%,6,"Business,Engineering,Technology",,,
octad.cyou,available,58,5%,5,Mathematics,,,
closeto.cyou,available,58,3%,8,"Business,Media,Technology",,,
twelfth.cyou,available,58,2%,7,Mathematics,,,
tetrad.cyou,available,58,5%,6,Mathematics,,,
abandoned.cyou,available,58,10%,9,"Construction,Real Estate",,,
actuarial.cyou,available,58,8%,9,"Finance,Insurance,Mathematics",,,
pentad.cyou,available,58,3%,6,Mathematics,,,
aucourant.cyou,available,58,3%,10,"Fashion,Media",,,
xlvi.cyou,available,56,3%,4,Mathematics,,,
xxxii.cyou,available,56,1%,5,Mathematics,,,
xlviii.cyou,available,56,1%,6,Mathematics,,,
xxxi.cyou,available,56,8%,4,Mathematics,,,
xxiii.cyou,available,56,4%,5,Mathematics,,,
admittible.cyou,available,56,1%,10,"Education,Healthcare,Hospitality",,,
thirtyone.cyou,available,56,4%,10,Mathematics,,,
addled.cyou,available,56,2%,6,Entertainment,,,
appressed.cyou,available,56,0%,9,"Agriculture,Manufacturing,Retail",,,
fiftyfive.cyou,available,56,8%,10,Mathematics,,,
accoutered.cyou,available,56,0%,10,"Fashion,Manufacturing,Retail",,,
thirtysix.cyou,available,56,5%,10,Mathematics,,,
aone.cyou,available,56,15%,5,Food and Beverage,,,
xliv.cyou,available,56,3%,4,Mathematics,,,
xxvii.cyou,available,56,3%,5,Mathematics,,,
xxxvi.cyou,available,56,1%,5,Mathematics,,,
lviii.cyou,available,56,1%,5,Mathematics,,,
lii.cyou,available,56,7%,3,Mathematics,,,
potbellied.cyou,available,56,0%,10,"Health and Fitness,Medicine",,,
xlv.cyou,available,56,6%,3,Mathematics,,,
thirtytwo.cyou,available,56,4%,10,Mathematics,,,
xxxiii.cyou,available,56,2%,6,Mathematics,,,
admittable.cyou,available,56,1%,10,"Education,Healthcare,Hospitality",,,
fortynine.cyou,available,56,3%,10,Mathematics,,,
halfdozen.cyou,available,56,1%,10,Mathematics,,,
xxxviii.cyou,available,56,1%,7,Mathematics,,,
fiftyfour.cyou,available,56,4%,10,Mathematics,,,
fiftynine.cyou,available,56,4%,10,Mathematics,,,
fiftytwo.cyou,available,56,6%,9,Mathematics,,,
ilx.cyou,available,56,6%,3,Mathematics,,,
xxiv.cyou,available,56,5%,4,Mathematics,,,
xxxv.cyou,available,56,4%,4,Mathematics,,,
fiftysix.cyou,available,56,4%,9,Mathematics,,,
xlii.cyou,available,56,5%,4,Mathematics,,,
abeyant.cyou,available,56,1%,7,"Business,Law",,,
fortysix.cyou,available,56,4%,9,Mathematics,,,
xliii.cyou,available,56,1%,5,Mathematics,,,
xxxvii.cyou,available,56,2%,6,Mathematics,,,
fortyone.cyou,available,56,5%,9,Mathematics,,,
xxviii.cyou,available,56,1%,6,Mathematics,,,
liii.cyou,available,56,4%,4,Mathematics,,,
xlvii.cyou,available,56,2%,5,Mathematics,,,
xli.cyou,available,56,5%,3,Mathematics,,,
lvii.cyou,available,56,2%,4,Mathematics,,,
triad.cyou,available,56,15%,5,Arts,,,
xxxiv.cyou,available,56,1%,5,Mathematics,,,
abdominous.cyou,available,56,0%,10,"Health and Fitness,Medicine",,,
terzetto.cyou,available,56,3%,8,Arts,,,
admissive.cyou,available,56,1%,9,"Education,Healthcare,Hospitality",,,
fiftyone.cyou,available,56,8%,9,Mathematics,,,
lvi.cyou,available,56,8%,3,Mathematics,,,
xxix.cyou,available,56,4%,4,Mathematics,,,
fortytwo.cyou,available,56,17%,9,Mathematics,,,
maledict.cyou,available,56,1%,8,Religion,,,
ternion.cyou,available,54,3%,7,Mathematics,,,
abducens.cyou,available,54,1%,8,Medicine,,,
abient.cyou,available,54,1%,6,Science,,,
adjuratory.cyou,available,54,0%,10,"Law,Politics,Religion",,,
fortyfive.cyou,available,54,5%,10,Mathematics,,,
adductive.cyou,available,54,0%,9,"Engineering,Mathematics,Science",,,
deuceace.cyou,available,54,1%,9,Sports,,,
vii.cyou,available,54,13%,3,Mathematics,,,
aboral.cyou,available,54,2%,6,Science,,,
twoscore.cyou,available,54,2%,8,Mathematics,,,
adducent.cyou,available,54,1%,8,"Engineering,Mathematics,Science",,,
topnotch.cyou,available,54,18%,8,Business,,,
quaternity.cyou,available,54,4%,10,Mathematics,,,
quaternion.cyou,available,54,6%,10,Mathematics,,,
accentual.cyou,available,54,3%,9,"Arts,Entertainment",,,
monitory.cyou,available,54,3%,8,"Business,Education,Healthcare",,,
adpressed.cyou,available,54,0%,9,"Agriculture,Manufacturing,Retail",,,
abatable.cyou,available,54,1%,8,Law,,,
achy.cyou,available,54,3%,4,Healthcare,,,
acoustical.cyou,available,54,4%,10,Science,,,
threescore.cyou,available,54,2%,10,Mathematics,,,
accursed.cyou,available,54,3%,8,"Entertainment,Media,Religion",,,
adaxial.cyou,available,54,2%,7,Science,,,
achromatic.cyou,available,54,4%,10,Science,,,
viii.cyou,available,54,6%,4,Mathematics,,,
sise.cyou,available,54,5%,4,Mathematics,,,
abhorrent.cyou,available,54,1%,9,Humanities,,,
iii.cyou,available,54,24%,3,Mathematics,,,
adducting.cyou,available,54,1%,9,"Engineering,Mathematics,Science",,,
quatern.cyou,available,54,2%,7,Mathematics,,,
admonitory.cyou,available,54,0%,10,"Business,Education,Healthcare",,,
scratchy.cyou,available,54,3%,8,Fashion,,,
abasic.cyou,available,54,1%,6,Science,,,
abaxial.cyou,available,54,1%,7,Science,,,
deserted.cyou,available,54,3%,8,"Hospitality,Real Estate",,,
unnatural.cyou,available,54,4%,9,"Medicine,Science",,,
abatic.cyou,available,54,1%,6,Science,,,
quadruplet.cyou,available,54,1%,10,"Healthcare,Medicine,Science",,,
quintuplet.cyou,available,54,1%,10,"Healthcare,Medicine,Science",,,
actuated.cyou,available,54,2%,8,"Automotive,Manufacturing,Technology",,,
septet.cyou,available,53,1%,6,General,,,
sestet.cyou,available,53,1%,6,Arts,,,
xxx.cyou,expired,53,30%,3,"Arts,Entertainment,Media",23/06/2020 18:55,23/06/2025 23:59,Dynadot LLC
lxxxii.cyou,available,52,1%,6,Mathematics,,,
lxxi.cyou,available,52,2%,4,Mathematics,,,
repugnant.cyou,available,52,1%,9,Humanities,,,
ninetyone.cyou,available,52,5%,10,Mathematics,,,
sixtytwo.cyou,available,52,3%,9,Mathematics,,,
lxxvii.cyou,available,52,2%,6,Mathematics,,,
lxvii.cyou,available,52,1%,5,Mathematics,,,
abusive.cyou,available,52,3%,7,"Healthcare,Law",,,
xcii.cyou,available,52,2%,4,Mathematics,,,
xcviii.cyou,available,52,1%,6,Mathematics,,,
ixl.cyou,available,52,9%,3,Mathematics,,,
xcv.cyou,available,52,7%,3,Mathematics,,,
lxxxi.cyou,available,52,1%,5,Mathematics,,,
xci.cyou,available,52,4%,3,Mathematics,,,
lxvi.cyou,available,52,3%,4,Mathematics,,,
decumbent.cyou,available,52,1%,9,"Healthcare,Medicine,Science",,,
sixtysix.cyou,available,52,5%,9,Mathematics,,,
lxi.cyou,available,52,5%,3,Mathematics,,,
eightyone.cyou,available,52,3%,10,Mathematics,,,
lxiii.cyou,available,52,2%,5,Mathematics,,,
chagrined.cyou,available,52,1%,9,Humanities,,,
lxxv.cyou,available,52,2%,4,Mathematics,,,
xcvi.cyou,available,52,2%,4,Mathematics,,,
littlejoe.cyou,available,52,2%,10,"Entertainment,Media",,,
adenoidal.cyou,available,52,1%,9,"Health and Fitness,Medicine,Science",,,
lxxxvii.cyou,available,52,1%,7,Mathematics,,,
eightytwo.cyou,available,52,4%,10,Mathematics,,,
lxv.cyou,available,52,5%,3,Mathematics,,,
lxxii.cyou,available,52,1%,5,Mathematics,,,
uphill.cyou,available,52,7%,6,"Sports,Transportation,Travel",,,
lxxiv.cyou,available,52,1%,5,Mathematics,,,
lxii.cyou,available,52,2%,4,Mathematics,,,
repulsive.cyou,available,52,1%,9,Humanities,,,
ninetysix.cyou,available,52,4%,10,Mathematics,,,
lxxxiii.cyou,available,52,1%,7,Mathematics,,,
lxxxv.cyou,available,52,1%,5,Mathematics,,,
lxviii.cyou,available,52,2%,6,Mathematics,,,
tierce.cyou,available,52,3%,6,General,,,
detestable.cyou,available,52,1%,10,Humanities,,,
lxxxiv.cyou,available,52,1%,6,Mathematics,,,
aboulic.cyou,available,52,1%,7,Medicine,,,
ninetytwo.cyou,available,52,4%,10,Mathematics,,,
lxxxvi.cyou,available,52,1%,6,Mathematics,,,
abominable.cyou,available,52,2%,10,"Entertainment,Humanities",,,
lxxiii.cyou,available,52,2%,6,Mathematics,,,
xciii.cyou,available,52,1%,5,Mathematics,,,
xciv.cyou,available,52,2%,4,Mathematics,,,
xcvii.cyou,available,52,1%,5,Mathematics,,,
lxxvi.cyou,available,52,1%,5,Mathematics,,,
ablated.cyou,available,52,1%,7,Science,,,
lxiv.cyou,available,52,3%,4,Mathematics,,,
ixc.cyou,available,52,5%,3,Mathematics,,,
abysmal.cyou,available,52,4%,7,"Arts,Entertainment,Media",,,
sixtyfour.cyou,available,52,4%,10,Mathematics,,,
sixtyfive.cyou,available,52,3%,10,Mathematics,,,
odious.cyou,available,52,2%,6,"Entertainment,Humanities",,,
acetose.cyou,available,50,1%,7,Science,,,
aculeated.cyou,available,50,0%,9,"Engineering,Medicine,Science",,,
abbatial.cyou,available,50,0%,8,Religion,,,
spinous.cyou,available,50,1%,7,"Agriculture,Science",,,
acetous.cyou,available,50,1%,7,Science,,,
cinque.cyou,available,50,7%,6,Mathematics,,,
aborticide.cyou,available,50,0%,10,Medicine,,,
ogdoad.cyou,available,50,1%,6,Mathematics,,,
acapnic.cyou,available,50,0%,7,"Healthcare,Medicine,Science",,,
acerose.cyou,available,50,1%,7,Science,,,
acerbic.cyou,available,50,2%,7,"Arts,Humanities,Media",,,
abomasal.cyou,available,50,0%,8,Agriculture,,,
abactinal.cyou,available,50,0%,9,Science,,,
needlelike.cyou,available,50,0%,10,"Engineering,Medicine,Science",,,
vinegary.cyou,available,50,1%,8,Food and Beverage,,,
acquitted.cyou,available,50,1%,9,Law,,,
scummy.cyou,available,50,1%,6,Humanities,,,
quint.cyou,available,50,13%,5,"Arts,Entertainment",,,
abducting.cyou,available,50,0%,9,Medicine,,,
lxx.cyou,available,50,5%,3,Mathematics,,,
gillless.cyou,available,50,0%,9,Science,,,
acaudal.cyou,available,50,1%,7,"Agriculture,Science",,,
trine.cyou,available,50,11%,5,"General,Religion",,,
abdicable.cyou,available,50,0%,9,Law,,,
abranchial.cyou,available,50,0%,10,Science,,,
triplet.cyou,available,50,8%,7,Science,,,
acerb.cyou,available,50,2%,5,Science,,,
acapnotic.cyou,available,50,0%,9,"Healthcare,Medicine,Science",,,
broached.cyou,available,50,0%,8,Food and Beverage,,,
acellular.cyou,available,50,1%,9,Science,,,
adhominem.cyou,available,50,2%,10,"Humanities,Law,Politics",,,
adactylous.cyou,available,50,0%,10,Science,,,
lxxxviii.cyou,available,48,1%,8,Mathematics,,,
abstracted.cyou,available,48,5%,10,"Arts,Humanities,Science",,,
ilxx.cyou,available,48,1%,4,Mathematics,,,
execrable.cyou,available,48,0%,9,"Entertainment,Humanities",,,
apriori.cyou,available,48,13%,8,Mathematics,,,
ilxxx.cyou,available,48,1%,5,Mathematics,,,
notguilty.cyou,available,48,5%,10,Law,,,
abyssal.cyou,available,48,12%,7,"Arts,Entertainment,Media",,,
acanthotic.cyou,available,46,0%,10,"Agriculture,Science",,,
acephalous.cyou,available,46,1%,10,Science,,,
acanthoid.cyou,available,46,1%,9,"Agriculture,Science",,,
achromic.cyou,available,46,2%,8,Science,,,
vinegarish.cyou,available,46,1%,10,Food and Beverage,,,
acicular.cyou,available,46,2%,8,Science,,,
acanthous.cyou,available,46,0%,9,"Agriculture,Science",,,
acetylenic.cyou,available,46,1%,10,Science,,,
theabsurd.cyou,available,46,1%,10,"Arts,Entertainment,Media",,,
acetabular.cyou,available,46,1%,10,Science,,,
acarpous.cyou,available,46,0%,8,"Agriculture,Science",,,
cotyloid.cyou,available,46,1%,8,Science,,,
stemless.cyou,available,46,2%,8,"Agriculture,Science",,,
acheronian.cyou,available,46,1%,10,Humanities,,,
acetonic.cyou,available,46,1%,8,Science,,,
acaudate.cyou,available,46,1%,8,"Agriculture,Science",,,
achromous.cyou,available,46,1%,9,Science,,,
achenial.cyou,available,46,1%,8,Science,,,
quaternary.cyou,available,46,3%,10,Mathematics,,,
stripling.cyou,available,46,2%,9,"Education,Entertainment,Healthcare",,,
acetylic.cyou,available,46,1%,8,Science,,,
acarpelous.cyou,available,46,0%,10,"Agriculture,Science",,,
acapnial.cyou,available,46,0%,8,"Healthcare,Medicine,Science",,,
accusatory.cyou,available,44,1%,10,Law,,,
cotyloidal.cyou,available,44,1%,10,Science,,,
acherontic.cyou,available,44,1%,10,Humanities,,,
phoebe.cyou,available,41,14%,6,Science,,,
abscessed.cyou,available,41,0%,9,Healthcare,,,
accusive.cyou,available,40,1%,8,Law,,,
accurst.cyou,available,40,1%,7,Religion,,,
scurrilous.cyou,available,40,1%,10,"Entertainment,Media,Politics",,,